index,n,digits_Q47n,log10_n
1,23159557,341,7.364730
2,2156109985,432,9.333671
3,2367719045,433,9.374330
4,2559344807,435,9.408129
5,2646631730,436,9.422694
6,2682956949,436,9.428614
7,2859276863,437,9.456256
8,2862155914,437,9.456693
9,2922108368,438,9.465696
10,3808591354,443,9.580764
11,3910149357,443,9.592193
12,3984049296,444,9.600325
13,4321302016,445,9.635615
14,4440836966,446,9.647465
15,4609300323,447,9.663635
16,4845913360,448,9.685376
17,4869383097,448,9.687474
18,4978135228,448,9.697067
19,5401172815,450,9.732488
20,5987250047,452,9.777227
21,6110261912,452,9.786060
22,6163335145,453,9.789816
23,6373860677,453,9.804403
24,6593670318,454,9.819127
25,6865526408,455,9.836674
26,7033432787,455,9.847167
27,7376926473,456,9.867875
28,7431664871,456,9.871086
29,7478608042,456,9.873821
30,7643906132,457,9.883315
31,8024906370,458,9.904440
32,8138254083,458,9.910531
33,8243699121,458,9.916122
34,8270587886,458,9.917536
35,8308943147,458,9.919546
36,8456172678,459,9.927174
37,8941368591,460,9.951404
38,9261909463,461,9.966701
39,9297881176,461,9.968384
40,9346865105,461,9.970666
41,9371853013,461,9.971825
42,9676031754,462,9.985697
43,9737440537,462,9.988445
44,9768693250,462,9.989836
45,9825401196,462,9.992350
46,9922591191,462,9.996625
47,10296982937,463,10.012710
48,10662913516,463,10.027876
49,10773495137,464,10.032357
50,11420977851,465,10.057703
51,12029456436,466,10.080246
52,12091789702,466,10.082491
53,12277912262,466,10.089125
54,12336065313,466,10.091177
55,12411596411,466,10.093828
56,12486439563,467,10.096439
57,12572336934,467,10.099416
58,12819052197,467,10.107856
59,12829342779,467,10.108204
60,13217014958,468,10.121133
61,13463731543,468,10.129165
62,13718894736,468,10.137319
63,13938346000,469,10.144211
64,14112459844,469,10.149603
65,14725126684,470,10.168059
66,14866257421,470,10.172202
67,14958002800,470,10.174874
68,15176444319,471,10.181170
69,15433872878,471,10.188475
70,16191706791,472,10.209293
71,16346563611,472,10.213426
72,16403912261,472,10.214947
73,16420640272,472,10.215390
74,16465113457,472,10.216565
75,16721655751,472,10.223279
76,16926589689,473,10.228569
77,16965162924,473,10.229558
78,17006306294,473,10.230610
79,17284352567,473,10.237653
80,17285073260,473,10.237671
81,17750994837,474,10.249223
82,18208354667,474,10.260271
83,18225771320,474,10.260686
84,18477363590,474,10.266640
85,18538769744,475,10.268081
86,18871494317,475,10.275806
87,19348240392,475,10.286641
88,19440564268,475,10.288709
89,19812318421,476,10.296935
90,20023217629,476,10.301534
91,20047573298,476,10.302062
92,21462726584,477,10.331685
93,21477992219,477,10.331994
94,21703091509,478,10.336522
95,21796611324,478,10.338389
96,22104809340,478,10.344487
97,22123968840,478,10.344863
98,22153612552,478,10.345445
99,23273903633,479,10.366869
100,23382475736,479,10.368890
101,24264182155,480,10.384966
102,24928130999,480,10.396690
103,25591019963,481,10.408088
104,25595447607,481,10.408163
105,26077403187,481,10.416264
106,26840589431,482,10.428792
107,27037138706,482,10.431961
108,27172737340,482,10.434133
109,27306543134,482,10.436267
110,27537632971,482,10.439927
111,27654812028,482,10.441771
112,27667841673,483,10.441975
113,28117028407,483,10.448969
114,28275508576,483,10.451410
115,28448365863,483,10.454057
116,28769102372,483,10.458926
117,28985923270,483,10.462187
118,29007013739,483,10.462503
119,29205694065,484,10.465468
120,29248829804,484,10.466108
121,29359522327,484,10.467749
122,29407930965,484,10.468464
123,29707259861,484,10.472863
124,30321866727,484,10.481756
125,30338138635,484,10.481989
126,31163620475,485,10.493648
127,31255160676,485,10.494922
128,31839663584,485,10.502968
129,32159567458,486,10.507310
130,32187300408,486,10.507685
131,32723642176,486,10.514862
132,32770705129,486,10.515486
133,33050188714,486,10.519174
134,33278350647,486,10.522162
135,33546915533,486,10.525653
136,34053066127,487,10.532156
137,34339418543,487,10.535793
138,34509180003,487,10.537935
139,35050434232,487,10.544693
140,35676017721,488,10.552376
141,36106334454,488,10.557583
142,36659655626,488,10.564188
143,36663845068,488,10.564238
144,36983540565,488,10.568008
145,37045103764,488,10.568731
146,37225818192,488,10.570844
147,37264129419,488,10.571291
148,37610185301,489,10.575305
149,37687848168,489,10.576201
150,38060892826,489,10.580479
151,38140297758,489,10.581384
152,38906722779,489,10.590025
153,38935158196,489,10.590342
154,39469603024,490,10.596263
155,39512366073,490,10.596733
156,39819508101,490,10.600096
157,40188067115,490,10.604097
158,40951034954,490,10.612265
159,41262186068,490,10.615552
160,41461743319,491,10.617648
161,41531565219,491,10.618378
162,41605881299,491,10.619155
163,42331080598,491,10.626659
164,42440318042,491,10.627779
165,42958984490,491,10.633054
166,43059140292,491,10.634065
167,43384741442,491,10.637337
168,43521552810,492,10.638704
169,43590044530,492,10.639387
170,43919311018,492,10.642656
171,44321999898,492,10.646619
172,44358008590,492,10.646972
173,44475318446,492,10.648119
174,44757712172,492,10.650868
175,44932613818,492,10.652562
176,44977673406,492,10.652997
177,45160546272,492,10.654759
178,45563786577,492,10.658620
179,45656801532,493,10.659505
180,45732035121,493,10.660221
181,46691577349,493,10.669239
182,46880923696,493,10.670996
183,47028213174,493,10.672358
184,47891865891,493,10.680262
185,48104432430,494,10.682185
186,48312253875,494,10.684057
187,49535988654,494,10.694921
188,50039781156,494,10.699315
189,50292590415,494,10.701504
190,50482165243,495,10.703138
191,50600552732,495,10.704155
192,50937581274,495,10.707038
193,52267837976,495,10.718235
194,52353514123,495,10.718946
195,52392806692,495,10.719272
196,52669359878,495,10.721558
197,52828504815,495,10.722868
198,52861100899,495,10.723136
199,52883274091,495,10.723318
200,52936366475,495,10.723754
201,53309481335,496,10.726804
202,53632917015,496,10.729431
203,53967604267,496,10.732133
204,54546717954,496,10.736769
205,54655842235,496,10.737637
206,54878514797,496,10.739402
207,55109556141,496,10.741227
208,55204294829,496,10.741973
209,55634252193,496,10.745342
210,55731389090,496,10.746100
211,55858815928,497,10.747092
212,56592199933,497,10.752757
213,56665935108,497,10.753322
214,56868770875,497,10.754874
215,57155294000,497,10.757056
216,57224113601,497,10.757579
217,57280387847,497,10.758006
218,57348100021,497,10.758519
219,57826330641,497,10.762126
220,57926590477,497,10.762878
221,58268509646,497,10.765434
222,58796681858,498,10.769353
223,59989205731,498,10.778073
224,60491176786,498,10.781692
225,60502965982,498,10.781777
226,60765988778,498,10.783661
227,60773199040,498,10.783712
228,60876885161,498,10.784452
229,61355576466,498,10.787854
230,62065331901,499,10.792849
231,62769188085,499,10.797747
232,62975874937,499,10.799174
233,63150957868,499,10.800380
234,63290715485,499,10.801340
235,63600609254,499,10.803461
236,64316222569,499,10.808321
237,64482563907,499,10.809442
238,64722592379,499,10.811056
239,65020173993,500,10.813048
240,65576910525,500,10.816751
241,65809731485,500,10.818290
242,65824739709,500,10.818389
243,66398952664,500,10.822161
244,66483948761,500,10.822717
245,66699239736,500,10.824121
246,66708084075,500,10.824178
247,66782549246,500,10.824663
248,66954115822,500,10.825777
249,67078621554,500,10.826584
250,67745481054,500,10.830880
251,67937064659,500,10.832107
252,68822406273,501,10.837730
253,68875255095,501,10.838063
254,69315435078,501,10.840830
255,69384901935,501,10.841265
256,69385681900,501,10.841270
257,69510145869,501,10.842048
258,69656333597,501,10.842961
259,69984014739,501,10.844999
260,70080415944,501,10.845597
261,70180654654,501,10.846217
262,72303918076,502,10.859162
263,72443521125,502,10.860000
264,72523495237,502,10.860479
265,72953483738,502,10.863046
266,73145472824,502,10.864187
267,73190889378,502,10.864457
268,73268767383,502,10.864919
269,73288859807,502,10.865038
270,73292417435,502,10.865059
271,73792462785,502,10.868012
272,74192827003,502,10.870362
273,74586191818,502,10.872658
274,75058926742,502,10.875402
275,75110822597,502,10.875703
276,75165534923,502,10.876019
277,75672753870,503,10.878940
278,75882864264,503,10.880144
279,75900027213,503,10.880242
280,76633256122,503,10.884417
281,76825489769,503,10.885505
282,77184542378,503,10.887530
283,77255566182,503,10.887930
284,77309742824,503,10.888234
285,77594757268,503,10.889832
286,77677017995,503,10.890293
287,78091095111,503,10.892602
288,78447523763,503,10.894579
289,78537052509,503,10.895075
290,78946599927,503,10.897333
291,79244640245,504,10.898970
292,80121852058,504,10.903751
293,80192801429,504,10.904135
294,80227459218,504,10.904323
295,80245711958,504,10.904422
296,80552803551,504,10.906081
297,80878916505,504,10.907835
298,81031826314,504,10.908656
299,81094362268,504,10.908991
300,81132554616,504,10.909195
301,81205919974,504,10.909588
302,81227898774,504,10.909705
303,81432856964,504,10.910800
304,81490464705,504,10.911107
305,81807931841,504,10.912795
306,81897209816,504,10.913269
307,81990544173,504,10.913764
308,82181807479,504,10.914776
309,82522163871,504,10.916571
310,82522310183,504,10.916571
311,82563276016,504,10.916787
312,83548628339,505,10.921939
313,83702501805,505,10.922738
314,83918295196,505,10.923857
315,84440673564,505,10.926552
316,84710961261,505,10.927940
317,84928199293,505,10.929052
318,85058335663,505,10.929717
319,85068264638,505,10.929768
320,85521151294,505,10.932074
321,85852668947,505,10.933754
322,86178377841,505,10.935398
323,86644629583,505,10.937742
324,86724695576,505,10.938143
325,86950703531,505,10.939273
326,87072590030,505,10.939881
327,87170648704,505,10.940370
328,87344272124,505,10.941234
329,87364378511,505,10.941334
330,87438247775,505,10.941701
331,87452447516,505,10.941772
332,87534173136,506,10.942178
333,88000750393,506,10.944486
334,88225100466,506,10.945592
335,88549537599,506,10.947186
336,88701334800,506,10.947930
337,88779247373,506,10.948311
338,88870530997,506,10.948758
339,89170676253,506,10.950222
340,89327920763,506,10.950987
341,89697718770,506,10.952781
342,90120216580,506,10.954822
343,90127223577,506,10.954856
344,90247182065,506,10.955434
345,90756107910,506,10.957876
346,91592273385,506,10.961859
347,91718694462,506,10.962458
348,92159918264,507,10.964542
349,92214146477,507,10.964798
350,92285900374,507,10.965135
351,92581796260,507,10.966526
352,92907320364,507,10.968050
353,93003063818,507,10.968497
354,93134573698,507,10.969111
355,93175678446,507,10.969303
356,93818735711,507,10.972290
357,93927206077,507,10.972791
358,94039728985,507,10.973311
359,94112206037,507,10.973646
360,94332214979,507,10.974660
361,95238649216,507,10.978813
362,95519945974,507,10.980094
363,95681300394,507,10.980827
364,95922284038,507,10.981920
365,96254651397,507,10.983422
366,96361653066,507,10.983904
367,96411495580,507,10.984129
368,96509865208,507,10.984572
369,96680703338,507,10.985340
370,96694304307,508,10.985401
371,96726037844,508,10.985543
372,97275115576,508,10.988002
373,97868110949,508,10.990641
374,99025879256,508,10.995749
375,99205436226,508,10.996535
376,99257692051,508,10.996764
377,101117813255,508,11.004828
378,101226256473,508,11.005293
379,101726838873,509,11.007436
380,101932808352,509,11.008314
381,102037623801,509,11.008760
382,102267860300,509,11.009739
383,103376065808,509,11.014420
384,103396228638,509,11.014505
385,103957400502,509,11.016855
386,104486576750,509,11.019061
387,104504127917,509,11.019133
388,105053774425,509,11.021412
389,105164813266,509,11.021870
390,105248284594,509,11.022215
391,105463974581,509,11.023104
392,105618030431,509,11.023738
393,105950863709,509,11.025105
394,106128313306,509,11.025831
395,106168717370,509,11.025997
396,106451271265,509,11.027151
397,106849203495,509,11.028771
398,107055268648,510,11.029608
399,107094700716,510,11.029768
400,107108214622,510,11.029823
401,107163255221,510,11.030046
402,107707905675,510,11.032248
403,108219662789,510,11.034306
404,108418038553,510,11.035102
405,109079902566,510,11.037745
406,109088508082,510,11.037779
407,109421263737,510,11.039102
408,109547710839,510,11.039603
409,109642314968,510,11.039978
410,110200337978,510,11.042183
411,110545163916,510,11.043540
412,110953692031,510,11.045142
413,111056522234,510,11.045544
414,111394504551,510,11.046864
415,111807642623,510,11.048471
416,112231397180,510,11.050114
417,112243761274,510,11.050162
418,112368908562,511,11.050646
419,112612226091,511,11.051586
420,113498157321,511,11.054989
421,113660483086,511,11.055609
422,114246171966,511,11.057842
423,114497825913,511,11.058797
424,114703148315,511,11.059575
425,114756532718,511,11.059777
426,114986878169,511,11.060648
427,115372895197,511,11.062104
428,115817631640,511,11.063775
429,115821348670,511,11.063789
430,116255850744,511,11.065415
431,117347666774,511,11.069474
432,117961457777,511,11.071740
433,118005672016,511,11.071903
434,118323412292,512,11.073071
435,118551578372,512,11.073907
436,119200169424,512,11.076277
437,119434855593,512,11.077131
438,119456408269,512,11.077209
439,120541756903,512,11.081138
440,120805142626,512,11.082085
441,120854621882,512,11.082263
442,121059987182,512,11.083001
443,121540289494,512,11.084720
444,121978847679,512,11.086285
445,122341472147,512,11.087574
446,122625075193,512,11.088579
447,122663937161,512,11.088717
448,122726858402,512,11.088940
449,123037305944,512,11.090037
450,123172135550,512,11.090512
451,123209692698,512,11.090645
452,123354822863,512,11.091156
453,123499897759,512,11.091667
454,123744190364,512,11.092525
455,123817086064,512,11.092781
456,123847610498,512,11.092888
457,124047626857,512,11.093588
458,124201076593,513,11.094125
459,124246417533,513,11.094284
460,124340002320,513,11.094611
461,124749688743,513,11.096039
462,124939309254,513,11.096699
463,125202509283,513,11.097613
464,125315553985,513,11.098005
465,125385480009,513,11.098247
466,125387781789,513,11.098255
467,125479346652,513,11.098572
468,126368511389,513,11.101639
469,126378553414,513,11.101673
470,126441837157,513,11.101891
471,126468576199,513,11.101983
472,126720185652,513,11.102846
473,126755980783,513,11.102968
474,127023420463,513,11.103884
475,127197144447,513,11.104477
476,127365701377,513,11.105052
477,127408727027,513,11.105199
478,127772855880,513,11.106439
479,127853149134,513,11.106711
480,128243633768,513,11.108036
481,128617976142,513,11.109302
482,128781878679,513,11.109855
483,129289255356,513,11.111562
484,129476973894,513,11.112193
485,130043666633,513,11.114089
486,130549613720,513,11.115776
487,130581270765,514,11.115881
488,130583176000,514,11.115887
489,130601213839,514,11.115947
490,130626533910,514,11.116031
491,130854247187,514,11.116788
492,131021872001,514,11.117344
493,131070597161,514,11.117505
494,131892175950,514,11.120219
495,131931108516,514,11.120347
496,132170006476,514,11.121133
497,132447599813,514,11.122044
498,132571338233,514,11.122450
499,133054422117,514,11.124029
500,133226708613,514,11.124591
501,133610174966,514,11.125840
502,133674904373,514,11.126050
503,133722846597,514,11.126206
504,133876346358,514,11.126704
505,134300067464,514,11.128076
506,134804131302,514,11.129703
507,135322305241,514,11.131369
508,135369268633,514,11.131520
509,135856917348,514,11.133082
510,136520639442,514,11.135198
511,136669144206,514,11.135670
512,136777448619,514,11.136014
513,136960324515,514,11.136595
514,137498043673,515,11.138297
515,137764089159,515,11.139136
516,138502169745,515,11.141457
517,138538877147,515,11.141572
518,138840302974,515,11.142516
519,138879014824,515,11.142637
520,139069987737,515,11.143233
521,139263995829,515,11.143839
522,139809040646,515,11.145535
523,139920215481,515,11.145880
524,140277314588,515,11.146987
525,141239633209,515,11.149957
526,141412916884,515,11.150489
527,142267185460,515,11.153105
528,142679836174,515,11.154363
529,143291512168,515,11.156220
530,143460712621,515,11.156733
531,143522131581,515,11.156919
532,143649897765,515,11.157305
533,143701365982,515,11.157461
534,144124781467,515,11.158739
535,144136146365,515,11.158773
536,144267384750,515,11.159168
537,144659569462,516,11.160347
538,144845521110,516,11.160905
539,144920834326,516,11.161131
540,145179052957,516,11.161904
541,145406067723,516,11.162583
542,145512369301,516,11.162900
543,145649931242,516,11.163310
544,145893581559,516,11.164036
545,145950274885,516,11.164205
546,146015930981,516,11.164400
547,146272251918,516,11.165162
548,146683678058,516,11.166382
549,147201058417,516,11.167911
550,147336689777,516,11.168311
551,147358713944,516,11.168376
552,147451875854,516,11.168650
553,147454185372,516,11.168657
554,147659365989,516,11.169261
555,147683308082,516,11.169331
556,147743683226,516,11.169509
557,147891794536,516,11.169944
558,148186051228,516,11.170807
559,149012053368,516,11.173221
560,149210411411,516,11.173799
561,149814740059,516,11.175555
562,150141352947,516,11.176500
563,150281889487,516,11.176907
564,150297295890,516,11.176951
565,150616565854,516,11.177873
566,150652059473,516,11.177975
567,150725380753,516,11.178186
568,150915776592,516,11.178735
569,150974614646,516,11.178904
570,152162734309,517,11.182308
571,152744506837,517,11.183966
572,152789753530,517,11.184094
573,152904726575,517,11.184421
574,152907331737,517,11.184428
575,154581742919,517,11.189158
576,154813121843,517,11.189808
577,154831214772,517,11.189859
578,154841960289,517,11.189889
579,154849622426,517,11.189910
580,154973024890,517,11.190256
581,155282936029,517,11.191124
582,155413387351,517,11.191488
583,155710874512,517,11.192319
584,156051074476,517,11.193267
585,156526005356,517,11.194587
586,156710480252,517,11.195098
587,156773751094,517,11.195273
588,157040804680,517,11.196013
589,157089567845,517,11.196147
590,157141773140,517,11.196292
591,157181002636,517,11.196400
592,157452698164,517,11.197150
593,157573077060,517,11.197482
594,157955547233,517,11.198535
595,158361340249,517,11.199649
596,159293236955,517,11.202197
597,159430471996,517,11.202571
598,160093657997,518,11.204374
599,160451317777,518,11.205343
600,160996851395,518,11.206817
601,161040444148,518,11.206935
602,161120637287,518,11.207151
603,162101112079,518,11.209786
604,162115900784,518,11.209826
605,162742040923,518,11.211500
606,162869224963,518,11.211839
607,163190071021,518,11.212694
608,163850531547,518,11.214448
609,164281987788,518,11.215590
610,164527815075,518,11.216239
611,164620045865,518,11.216483
612,164624699440,518,11.216495
613,164872207262,518,11.217147
614,165187200661,518,11.217976
615,165339117253,518,11.218376
616,165575136912,518,11.218995
617,165661268285,518,11.219221
618,165668990497,518,11.219241
619,166607083747,518,11.221693
620,166847461001,518,11.222320
621,167042833851,518,11.222828
622,167350185246,518,11.223626
623,167912330832,519,11.225083
624,167914785368,519,11.225089
625,168181925229,519,11.225779
626,168283371025,519,11.226041
627,168604868160,519,11.226870
628,168700309262,519,11.227116
629,169380958169,519,11.228865
630,169432955848,519,11.228998
631,169873930493,519,11.230127
632,170344242931,519,11.231327
633,170438840233,519,11.231569
634,170622486096,519,11.232036
635,171242234079,519,11.233611
636,171908435073,519,11.235297
637,171935056549,519,11.235364
638,171971403502,519,11.235456
639,172843333077,519,11.237653
640,173204652387,519,11.238560
641,173646143706,519,11.239665
642,173721465569,519,11.239853
643,174592226172,519,11.242025
644,175035923829,519,11.243127
645,175571155381,519,11.244453
646,175719298471,519,11.244819
647,175825247566,519,11.245081
648,176449812428,520,11.246621
649,176780365080,520,11.247434
650,176837893564,520,11.247575
651,176910594747,520,11.247754
652,177420430669,520,11.249004
653,178461679403,520,11.251545
654,178586547574,520,11.251849
655,178747447100,520,11.252240
656,178805665412,520,11.252381
657,178875580402,520,11.252551
658,179230355317,520,11.253412
659,179793240477,520,11.254773
660,180687776450,520,11.256929
661,180714705286,520,11.256993
662,181092904405,520,11.257901
663,181651015937,520,11.259238
664,181937605194,520,11.259922
665,182152915402,520,11.260436
666,182457864795,520,11.261163
667,182501065420,520,11.261265
668,183853791435,520,11.264473
669,183855053786,520,11.264476
670,184063289465,520,11.264967
671,184557367891,520,11.266131
672,184887905278,520,11.266909
673,185348172642,520,11.267988
674,185556943590,521,11.268477
675,185716905753,521,11.268851
676,185995397976,521,11.269502
677,186840786758,521,11.271472
678,187018537639,521,11.271885
679,187863991216,521,11.273844
680,188217309006,521,11.274660
681,188416134014,521,11.275118
682,188972591003,521,11.276399
683,188977194279,521,11.276409
684,189064207208,521,11.276609
685,189329002425,521,11.277217
686,190076663349,521,11.278929
687,190133019361,521,11.279058
688,190407865132,521,11.279685
689,190687574734,521,11.280322
690,190901847788,521,11.280810
691,191092144460,521,11.281243
692,191141967758,521,11.281356
693,191438329085,521,11.282029
694,191863815026,521,11.282993
695,191945949041,521,11.283179
696,191955625230,521,11.283201
697,192046596804,521,11.283407
698,192641412832,521,11.284750
699,192695129511,521,11.284871
700,192758089336,521,11.285013
701,192912011969,521,11.285359
702,193087289845,521,11.285754
703,193160650236,521,11.285919
704,193204136509,521,11.286016
705,193308346680,521,11.286251
706,194187703461,521,11.288222
707,194745059786,521,11.289466
708,194757492538,521,11.289494
709,194902339379,522,11.289817
710,194986195678,522,11.290004
711,195188997153,522,11.290455
712,195658883987,522,11.291500
713,195701543354,522,11.291594
714,195860168439,522,11.291946
715,195917688849,522,11.292074
716,196635889798,522,11.293663
717,196807871883,522,11.294042
718,197540028585,522,11.295655
719,198514016386,522,11.297791
720,198690941556,522,11.298178
721,198789647963,522,11.298394
722,198830954111,522,11.298484
723,198992912472,522,11.298838
724,198996421538,522,11.298845
725,199515980283,522,11.299978
726,199533092590,522,11.300015
727,199620881026,522,11.300206
728,199925278168,522,11.300868
729,200067309224,522,11.301176
730,200270848040,522,11.301618
731,200618029970,522,11.302370
732,200753213474,522,11.302663
733,200849418540,522,11.302871
734,200945343333,522,11.303078
735,201466943077,522,11.304204
736,202082068496,522,11.305528
737,202362817600,522,11.306131
738,202422316126,522,11.306258
739,202498466834,522,11.306422
740,203112730960,522,11.307737
741,203358260112,522,11.308262
742,204612814386,522,11.310933
743,204783063381,522,11.311294
744,204844429912,522,11.311424
745,205025170840,523,11.311807
746,205972941218,523,11.313810
747,206194725895,523,11.314278
748,206392111741,523,11.314693
749,206498461899,523,11.314917
750,206581927229,523,11.315092
751,206622020426,523,11.315177
752,206857938414,523,11.315672
753,206994210263,523,11.315958
754,207013790357,523,11.315999
755,207375376501,523,11.316757
756,207528746862,523,11.317078
757,207946270259,523,11.317951
758,208309496796,523,11.318709
759,208501243901,523,11.319109
760,208576666962,523,11.319266
761,208867010559,523,11.319870
762,210295339377,523,11.322830
763,211046464559,523,11.324378
764,211617133805,523,11.325551
765,211778172887,523,11.325881
766,212077875578,523,11.326495
767,212394097255,523,11.327142
768,212581816988,523,11.327526
769,212801150017,523,11.327974
770,213211434849,523,11.328810
771,213301268028,523,11.328993
772,213321593025,523,11.329035
773,213426480069,523,11.329248
774,213896922320,523,11.330205
775,214083351014,523,11.330583
776,214361737651,523,11.331147
777,214449083370,523,11.331324
778,216050459805,524,11.334555
779,216168505554,524,11.334792
780,216331021697,524,11.335119
781,216587501496,524,11.335633
782,217302934756,524,11.337066
783,217544284083,524,11.337548
784,217550787705,524,11.337561
785,217693285225,524,11.337845
786,217910994051,524,11.338279
787,218260279330,524,11.338975
788,218674870403,524,11.339799
789,219122683760,524,11.340687
790,220188215484,524,11.342794
791,220418162238,524,11.343247
792,220678409701,524,11.343760
793,220719697662,524,11.343841
794,220940785778,524,11.344276
795,221519858770,524,11.345413
796,221704480433,524,11.345774
797,221910653232,524,11.346178
798,221930061071,524,11.346216
799,221945615009,524,11.346247
800,222235512896,524,11.346813
801,222260316693,524,11.346862
802,222323496727,524,11.346985
803,222458882797,524,11.347250
804,222536160251,524,11.347401
805,222586855610,524,11.347500
806,222659721036,524,11.347642
807,223369437846,524,11.349024
808,224274759656,524,11.350780
809,224595216655,524,11.351401
810,224707877040,524,11.351618
811,225019924295,524,11.352221
812,226808201528,525,11.355659
813,227084000121,525,11.356187
814,227115127102,525,11.356246
815,227257528553,525,11.356518
816,227349143304,525,11.356693
817,228050885143,525,11.358032
818,228057242445,525,11.358044
819,228387047689,525,11.358671
820,228502374850,525,11.358891
821,228504176475,525,11.358894
822,228681246673,525,11.359231
823,228739806961,525,11.359342
824,229774973773,525,11.361303
825,230143919993,525,11.362000
826,230275232735,525,11.362247
827,231149119896,525,11.363892
828,231203774121,525,11.363995
829,231622912972,525,11.364782
830,232518663379,525,11.366458
831,232807006620,525,11.366996
832,233941206960,525,11.369107
833,234057220492,525,11.369322
834,235045344445,525,11.371152
835,235117632463,525,11.371285
836,235315067725,525,11.371650
837,235507256430,525,11.372004
838,235807753516,525,11.372558
839,236119861344,525,11.373133
840,236403751042,525,11.373654
841,236495592335,525,11.373823
842,236735953827,525,11.374264
843,236753727989,525,11.374297
844,236814086844,525,11.374408
845,237889856114,525,11.376376
846,238745380965,526,11.377935
847,238885028183,526,11.378189
848,239116956911,526,11.378610
849,239880129557,526,11.379994
850,240148070776,526,11.380479
851,240386686244,526,11.380910
852,241217908751,526,11.382410
853,241333915992,526,11.382618
854,242857318773,526,11.385351
855,242890155402,526,11.385410
856,243057518168,526,11.385709
857,244535718428,526,11.388342
858,244793061501,526,11.388799
859,245212287462,526,11.389542
860,245737213059,526,11.390471
861,246334747434,526,11.391526
862,246408356494,526,11.391655
863,247308344513,526,11.393239
864,247370056215,526,11.393347
865,247663306966,526,11.393862
866,247969220993,526,11.394398
867,248702735559,526,11.395681
868,248826314904,526,11.395896
869,249085292737,526,11.396348
870,249394145879,526,11.396886
871,249854431217,526,11.397687
872,250009143512,526,11.397956
873,250122974124,526,11.398154
874,250852219932,527,11.399418
875,250885017827,527,11.399475
876,250904036388,527,11.399508
877,251331027294,527,11.400246
878,251443871175,527,11.400441
879,251746266760,527,11.400963
880,252061087598,527,11.401506
881,252267916650,527,11.401862
882,252485642329,527,11.402237
883,252509135199,527,11.402277
884,252787525413,527,11.402756
885,253051291411,527,11.403209
886,253179813659,527,11.403429
887,253448046231,527,11.403889
888,253484038604,527,11.403951
889,253678671748,527,11.404284
890,254029336327,527,11.404884
891,254346044967,527,11.405425
892,254372228630,527,11.405470
893,254654529287,527,11.405951
894,255485115383,527,11.407366
895,255574681227,527,11.407518
896,255628217604,527,11.407609
897,255964153845,527,11.408179
898,256161218607,527,11.408513
899,257279602080,527,11.410405
900,257348016048,527,11.410521
901,257504833132,527,11.410785
902,257920977000,527,11.411487
903,258475700285,527,11.412420
904,258732376113,527,11.412851
905,258792850529,527,11.412952
906,258932116128,527,11.413186
907,259527309058,527,11.414183
908,260053241908,527,11.415062
909,260257203364,527,11.415403
910,260261388570,527,11.415410
911,260417900793,527,11.415671
912,260524639135,527,11.415849
913,260872031655,527,11.416428
914,260940646432,527,11.416542
915,261841913722,527,11.418039
916,262383714282,527,11.418937
917,262689541019,527,11.419443
918,263163696285,528,11.420226
919,263644169807,528,11.421018
920,264051592448,528,11.421689
921,264929961593,528,11.423131
922,265425277090,528,11.423942
923,265743900308,528,11.424463
924,266650333309,528,11.425942
925,266986346848,528,11.426489
926,267223247465,528,11.426874
927,267343222694,528,11.427069
928,267343586753,528,11.427070
929,268629989085,528,11.429154
930,268782666053,528,11.429401
931,270301642842,528,11.431849
932,270371264193,528,11.431961
933,270743804727,528,11.432559
934,271115352093,528,11.433154
935,271365271696,528,11.433554
936,271385949024,528,11.433587
937,271467819439,528,11.433718
938,271474015256,528,11.433728
939,271600183028,528,11.433930
940,271752527136,528,11.434174
941,271938183158,528,11.434470
942,272095445295,528,11.434721
943,272509514780,528,11.435382
944,272828329419,528,11.435889
945,273553565117,528,11.437042
946,273584975613,528,11.437092
947,273735646216,528,11.437331
948,273889634080,528,11.437576
949,274241839615,528,11.438134
950,274388343471,528,11.438366
951,274402265577,528,11.438388
952,274630173320,528,11.438748
953,274751436190,528,11.438940
954,275080436980,528,11.439460
955,275153123073,528,11.439574
956,275169177075,528,11.439600
957,276516517477,528,11.441721
958,278139703492,529,11.444263
959,279174197269,529,11.445875
960,279301592298,529,11.446073
961,280105134980,529,11.447321
962,280223726424,529,11.447505
963,281421089425,529,11.449357
964,281793466164,529,11.449931
965,282244084905,529,11.450625
966,282647483843,529,11.451245
967,283099876554,529,11.451940
968,283266688844,529,11.452196
969,283739016745,529,11.452919
970,284177731869,529,11.453590
971,284508291112,529,11.454095
972,285122724192,529,11.455032
973,285248566235,529,11.455223
974,285274378465,529,11.455263
975,285487027664,529,11.455586
976,285502854652,529,11.455610
977,285648411944,529,11.455832
978,286496730403,529,11.457120
979,287019890957,529,11.457912
980,287049260662,529,11.457956
981,287200563741,529,11.458185
982,287908332550,529,11.459254
983,287953998591,529,11.459323
984,288982737955,529,11.460872
985,289062625527,529,11.460992
986,289733330524,529,11.461998
987,289908872008,529,11.462262
988,290095059265,529,11.462540
989,290276738849,529,11.462812
990,290590409098,529,11.463281
991,290789129381,529,11.463578
992,290861512440,530,11.463686
993,290878660203,530,11.463712
994,291468694543,530,11.464592
995,292432165976,530,11.466025
996,292497081987,530,11.466122
997,292592126880,530,11.466263
998,293399003189,530,11.467459
999,294351500612,530,11.468866
1000,294867388306,530,11.469627
1001,295057045039,530,11.469906
1002,295069635754,530,11.469925
1003,295213703001,530,11.470137
1004,295412965349,530,11.470430
1005,295519703299,530,11.470586
1006,295968753066,530,11.471246
1007,296930133781,530,11.472654
1008,297052029824,530,11.472833
1009,297072554688,530,11.472863
1010,297199366235,530,11.473048
1011,297472316536,530,11.473447
1012,298178340389,530,11.474476
1013,298291617971,530,11.474641
1014,298307448228,530,11.474664
1015,298340396425,530,11.474712
1016,298580822703,530,11.475062
1017,298793676693,530,11.475371
1018,298798491393,530,11.475378
1019,298899483158,530,11.475525
1020,299036179108,530,11.475724
1021,299284622387,530,11.476084
1022,299657694214,530,11.476625
1023,299951935299,530,11.477052
1024,300002527488,530,11.477125
1025,300381022155,530,11.477672
1026,300410086382,530,11.477715
1027,300494739107,530,11.477837
1028,300574810047,530,11.477953
1029,300972903853,530,11.478527
1030,301070255919,530,11.478668
1031,301559134867,530,11.479372
1032,301668525522,530,11.479530
1033,301837901138,530,11.479774
1034,302053401017,530,11.480084
1035,302130413770,530,11.480194
1036,302247300633,530,11.480362
1037,302956239561,530,11.481380
1038,303529910702,530,11.482201
1039,303753816560,530,11.482522
1040,303806422223,530,11.482597
1041,303985115325,530,11.482852
1042,303995515975,530,11.482867
1043,305013034547,530,11.484318
1044,305028385174,530,11.484340
1045,305195422095,530,11.484578
1046,305541079273,530,11.485070
1047,306302552724,531,11.486151
1048,306857477717,531,11.486937
1049,307082389831,531,11.487255
1050,307312848901,531,11.487581
1051,307902357523,531,11.488413
1052,308096388596,531,11.488687
1053,308160025834,531,11.488776
1054,308908859534,531,11.489830
1055,309373184516,531,11.490483
1056,309712833671,531,11.490959
1057,309901601545,531,11.491224
1058,310003994850,531,11.491367
1059,310075108192,531,11.491467
1060,310894073375,531,11.492612
1061,310960654646,531,11.492705
1062,311215351639,531,11.493061
1063,311306182941,531,11.493188
1064,311549952672,531,11.493528
1065,311677918922,531,11.493706
1066,311955982376,531,11.494093
1067,311976621742,531,11.494122
1068,312227753840,531,11.494472
1069,313069677419,531,11.495641
1070,313497014891,531,11.496233
1071,313569469803,531,11.496334
1072,313881077237,531,11.496765
1073,314331692160,531,11.497388
1074,314352603962,531,11.497417
1075,314563885655,531,11.497709
1076,315012223295,531,11.498327
1077,315097003253,531,11.498444
1078,315238636029,531,11.498639
1079,316720671583,531,11.500676
1080,317099521106,531,11.501196
1081,317145989684,531,11.501259
1082,317165615320,531,11.501286
1083,317226277792,531,11.501369
1084,317368931153,531,11.501564
1085,317464831939,531,11.501696
1086,317689849937,531,11.502003
1087,319162284130,531,11.504012
1088,319186568118,531,11.504045
1089,319745759624,531,11.504805
1090,319798685158,531,11.504877
1091,319830231875,531,11.504920
1092,319918763266,531,11.505040
1093,320256597206,531,11.505498
1094,320328605157,531,11.505596
1095,320448470761,531,11.505758
1096,320626906664,531,11.506000
1097,320909279607,531,11.506382
1098,321855079173,532,11.507660
1099,322801206843,532,11.508935
1100,323432656615,532,11.509784
1101,323448090517,532,11.509805
1102,323651767738,532,11.510078
1103,323954019378,532,11.510483
1104,324116053023,532,11.510701
1105,324285623263,532,11.510928
1106,324764024618,532,11.511568
1107,326224021411,532,11.513516
1108,326279091797,532,11.513589
1109,326562596099,532,11.513966
1110,327472328714,532,11.515175
1111,328182656437,532,11.516116
1112,328423226576,532,11.516434
1113,329367640911,532,11.517681
1114,329458096225,532,11.517800
1115,329845526114,532,11.518311
1116,329854029355,532,11.518322
1117,329975076356,532,11.518481
1118,330062725262,532,11.518596
1119,330844493129,532,11.519624
1120,330954443714,532,11.519768
1121,331320976622,532,11.520249
1122,331328076000,532,11.520258
1123,331448261816,532,11.520416
1124,331614902742,532,11.520634
1125,331708076364,532,11.520756
1126,331787512766,532,11.520860
1127,331854996562,532,11.520948
1128,332079842401,532,11.521243
1129,332101198333,532,11.521270
1130,332833998236,532,11.522228
1131,332873617457,532,11.522279
1132,332895146369,532,11.522307
1133,332903542891,532,11.522318
1134,332909495318,532,11.522326
1135,332958632338,532,11.522390
1136,333213765075,532,11.522723
1137,333458073842,532,11.523041
1138,333593266943,532,11.523217
1139,333641165726,532,11.523280
1140,334616890666,532,11.524548
1141,334618009587,532,11.524549
1142,335024168351,532,11.525076
1143,335101136097,532,11.525176
1144,335177415658,532,11.525275
1145,335449300166,532,11.525627
1146,335503103784,532,11.525697
1147,336308986227,532,11.526738
1148,336478427616,532,11.526957
1149,337377183776,532,11.528116
1150,337419903811,532,11.528171
1151,338051716934,533,11.528983
1152,338598272004,533,11.529685
1153,338611385223,533,11.529702
1154,338631383637,533,11.529727
1155,338975031485,533,11.530168
1156,339485342599,533,11.530821
1157,339512354332,533,11.530856
1158,339990685092,533,11.531467
1159,340172752297,533,11.531700
1160,340687990827,533,11.532357
1161,341800952295,533,11.533773
1162,342487197658,533,11.534644
1163,342535383371,533,11.534705
1164,343023348159,533,11.535324
1165,343103451422,533,11.535425
1166,343137644700,533,11.535468
1167,343515090404,533,11.535946
1168,344308901426,533,11.536948
1169,344459828847,533,11.537139
1170,344719978598,533,11.537466
1171,344912809086,533,11.537709
1172,345027251791,533,11.537853
1173,345069398003,533,11.537906
1174,345419210356,533,11.538346
1175,345851106217,533,11.538889
1176,346750371510,533,11.540017
1177,346764214729,533,11.540034
1178,346771485006,533,11.540043
1179,346799972683,533,11.540079
1180,347182206692,533,11.540557
1181,347284328184,533,11.540685
1182,347495978627,533,11.540950
1183,347795899345,533,11.541324
1184,348667284231,533,11.542411
1185,349585666162,533,11.543554
1186,350032529925,533,11.544108
1187,350052831313,533,11.544134
1188,350105966141,533,11.544200
1189,350118929558,533,11.544216
1190,350214084430,533,11.544334
1191,350656690893,533,11.544882
1192,351292134581,533,11.545668
1193,351393577925,533,11.545794
1194,351399068752,533,11.545801
1195,351432894221,533,11.545842
1196,351545785839,533,11.545982
1197,351658128626,533,11.546121
1198,352365817609,533,11.546994
1199,352504402950,533,11.547165
1200,352572434111,533,11.547248
1201,352949111662,533,11.547712
1202,353117044013,533,11.547919
1203,353121571012,533,11.547924
1204,353571097470,533,11.548477
1205,354138261228,533,11.549173
1206,354168527797,533,11.549210
1207,354526805180,533,11.549649
1208,354565853645,533,11.549697
1209,355262801638,533,11.550550
1210,356269307570,534,11.551778
1211,356685302143,534,11.552285
1212,356980338304,534,11.552644
1213,357814867982,534,11.553658
1214,358363128133,534,11.554323
1215,358504022838,534,11.554494
1216,358779559094,534,11.554828
1217,358996881699,534,11.555091
1218,359729595374,534,11.555976
1219,360210675256,534,11.556557
1220,360293992120,534,11.556657
1221,360382604335,534,11.556764
1222,360576729186,534,11.556998
1223,360747430666,534,11.557203
1224,361101520460,534,11.557629
1225,362072209233,534,11.558795
1226,362462223971,534,11.559263
1227,362718408987,534,11.559570
1228,362875698294,534,11.559758
1229,364015221080,534,11.561120
1230,364142299722,534,11.561271
1231,364498150177,534,11.561695
1232,364895436738,534,11.562168
1233,365202174103,534,11.562533
1234,366979171943,534,11.564641
1235,367219195396,534,11.564925
1236,367759500793,534,11.565564
1237,367815178456,534,11.565630
1238,368497304275,534,11.566434
1239,368740371932,534,11.566721
1240,369071937552,534,11.567111
1241,369429806760,534,11.567532
1242,369786014330,534,11.567950
1243,369884744460,534,11.568066
1244,370107859350,534,11.568328
1245,370200792725,534,11.568437
1246,370440858737,534,11.568719
1247,370883554777,534,11.569238
1248,371080983784,534,11.569469
1249,371327604667,534,11.569757
1250,371372101044,534,11.569809
1251,371645495906,534,11.570129
1252,372239517151,534,11.570822
1253,372378497298,534,11.570985
1254,372433726302,534,11.571049
1255,373933961754,535,11.572795
1256,375447515129,535,11.574549
1257,375532741771,535,11.574648
1258,375861884417,535,11.575028
1259,376009121931,535,11.575198
1260,376792971784,535,11.576103
1261,376946144201,535,11.576279
1262,376948725682,535,11.576282
1263,377053978733,535,11.576404
1264,377192900940,535,11.576564
1265,377587291212,535,11.577017
1266,378227896040,535,11.577754
1267,379654139599,535,11.579388
1268,379853542635,535,11.579616
1269,380200428025,535,11.580013
1270,380461351404,535,11.580311
1271,380796626952,535,11.580693
1272,380802225331,535,11.580699
1273,380813122739,535,11.580712
1274,381238871704,535,11.581197
1275,381368235387,535,11.581345
1276,381470684232,535,11.581461
1277,381480644956,535,11.581473
1278,381849990532,535,11.581893
1279,382360871360,535,11.582473
1280,382384593622,535,11.582500
1281,382439877356,535,11.582563
1282,382724403382,535,11.582886
1283,383103181179,535,11.583316
1284,383145172437,535,11.583363
1285,383474707800,535,11.583737
1286,383798211327,535,11.584103
1287,384106038708,535,11.584451
1288,384307064468,535,11.584678
1289,384327440033,535,11.584701
1290,384695109250,535,11.585117
1291,385370213956,535,11.585878
1292,385487283125,535,11.586010
1293,385542741004,535,11.586073
1294,386333646053,535,11.586963
1295,386411053615,535,11.587050
1296,386686640792,535,11.587359
1297,387007897309,535,11.587720
1298,387042622125,535,11.587759
1299,387715956280,535,11.588514
1300,387861616805,535,11.588677
1301,387915004555,535,11.588737
1302,388049420690,535,11.588887
1303,388623411757,535,11.589529
1304,388808081433,535,11.589735
1305,389005738621,535,11.589956
1306,389319304683,535,11.590306
1307,389403377151,535,11.590400
1308,389497971696,535,11.590505
1309,390432045976,535,11.591545
1310,390717182282,535,11.591863
1311,391635327108,535,11.592882
1312,391700674207,535,11.592954
1313,391847849550,535,11.593117
1314,391879433163,535,11.593152
1315,392489491803,535,11.593828
1316,392898126987,536,11.594280
1317,392904039535,536,11.594286
1318,393301194697,536,11.594725
1319,394107578004,536,11.595615
1320,394412247018,536,11.595950
1321,394654565617,536,11.596217
1322,395135274141,536,11.596746
1323,395589726575,536,11.597245
1324,395756867910,536,11.597428
1325,395979693027,536,11.597673
1326,396312421515,536,11.598038
1327,396382000974,536,11.598114
1328,396893666801,536,11.598674
1329,397544406180,536,11.599386
1330,397952019318,536,11.599831
1331,398102571077,536,11.599995
1332,398191724512,536,11.600092
1333,398960853479,536,11.600930
1334,398990864465,536,11.600963
1335,400078384656,536,11.602145
1336,400527753110,536,11.602633
1337,400845595787,536,11.602977
1338,401021185762,536,11.603167
1339,401109092558,536,11.603263
1340,401265665633,536,11.603432
1341,403181899785,536,11.605501
1342,403737344337,536,11.606099
1343,403935462045,536,11.606312
1344,404199003212,536,11.606595
1345,404735672348,536,11.607171
1346,405196161327,536,11.607665
1347,405302602053,536,11.607779
1348,405419199335,536,11.607904
1349,405983110560,536,11.608508
1350,406152262649,536,11.608689
1351,406310493530,536,11.608858
1352,406332613747,536,11.608882
1353,406427524771,536,11.608983
1354,406514264290,536,11.609076
1355,406689979513,536,11.609263
1356,407003810584,536,11.609598
1357,408290674402,536,11.610969
1358,409815380113,536,11.612588
1359,409917672982,536,11.612697
1360,411264953412,536,11.614122
1361,411986219397,536,11.614883
1362,412696941942,536,11.615631
1363,412854540914,536,11.615797
1364,413238173605,537,11.616200
1365,414784303032,537,11.617822
1366,415739392287,537,11.618821
1367,416142821761,537,11.619242
1368,416425013475,537,11.619537
1369,416479590556,537,11.619594
1370,416831915041,537,11.619961
1371,416933320275,537,11.620067
1372,417044241111,537,11.620182
1373,417747157698,537,11.620914
1374,418680449329,537,11.621883
1375,418848847466,537,11.622057
1376,418919916955,537,11.622131
1377,419202323532,537,11.622424
1378,419816232074,537,11.623059
1379,419847145126,537,11.623091
1380,420593916511,537,11.623863
1381,421268588075,537,11.624559
1382,421527048479,537,11.624825
1383,422063851744,537,11.625378
1384,422419715495,537,11.625744
1385,422432577379,537,11.625757
1386,422472559305,537,11.625799
1387,422725970958,537,11.626059
1388,422846612925,537,11.626183
1389,422853257912,537,11.626190
1390,423476427139,537,11.626829
1391,424692610042,537,11.628075
1392,424970529103,537,11.628359
1393,425978779600,537,11.629388
1394,427055350563,537,11.630484
1395,427710200031,537,11.631150
1396,428022544351,537,11.631467
1397,428416261368,537,11.631866
1398,428500460953,537,11.631951
1399,428850578890,537,11.632306
1400,429270974006,537,11.632732
1401,429540495963,537,11.633004
1402,429833413465,537,11.633300
1403,431237894616,537,11.634717
1404,431298337991,537,11.634778
1405,431918678110,537,11.635402
1406,432462808240,537,11.635949
1407,432762463433,537,11.636250
1408,432903584427,537,11.636391
1409,433060766210,537,11.636549
1410,433110344847,537,11.636599
1411,433738603886,537,11.637228
1412,433886906042,537,11.637377
1413,434482935986,538,11.637973
1414,435946206402,538,11.639433
1415,436247119976,538,11.639733
1416,437081076264,538,11.640562
1417,437724170082,538,11.641201
1418,438020665813,538,11.641495
1419,438108973498,538,11.641582
1420,438803864679,538,11.642270
1421,438838690474,538,11.642305
1422,439130697940,538,11.642594
1423,439403306179,538,11.642863
1424,439988579973,538,11.643441
1425,440326138552,538,11.643774
1426,440602608603,538,11.644047
1427,441784088139,538,11.645210
1428,441803128712,538,11.645229
1429,442458380985,538,11.645872
1430,442775280851,538,11.646183
1431,443849881130,538,11.647236
1432,444238041180,538,11.647616
1433,444469150761,538,11.647842
1434,444961383819,538,11.648322
1435,445944913645,538,11.649281
1436,446014101034,538,11.649349
1437,446767653278,538,11.650082
1438,447071359873,538,11.650377
1439,447204198497,538,11.650506
1440,447402574022,538,11.650698
1441,447458776747,538,11.650753
1442,447618641984,538,11.650908
1443,449852864932,538,11.653070
1444,451092931914,538,11.654266
1445,451227643348,538,11.654396
1446,451799478170,538,11.654946
1447,451946256861,538,11.655087
1448,453083448095,538,11.656178
1449,454551084861,538,11.657583
1450,454584638265,538,11.657615
1451,454718547341,538,11.657743
1452,454811294659,538,11.657831
1453,455727448499,538,11.658705
1454,456744671908,539,11.659673
1455,456927489088,539,11.659847
1456,457287787700,539,11.660190
1457,457425721248,539,11.660321
1458,457895229958,539,11.660766
1459,458116191560,539,11.660976
1460,458200466397,539,11.661056
1461,458621355921,539,11.661454
1462,459059125234,539,11.661869
1463,459177959975,539,11.661981
1464,459480764244,539,11.662267
1465,459550052436,539,11.662333
1466,459610499827,539,11.662390
1467,459783047496,539,11.662553
1468,460059364796,539,11.662814
1469,460261986028,539,11.663005
1470,460857766299,539,11.663567
1471,461122750500,539,11.663817
1472,461464163583,539,11.664138
1473,461669042385,539,11.664331
1474,462036253055,539,11.664676
1475,462053666762,539,11.664692
1476,462551948894,539,11.665161
1477,462618605264,539,11.665223
1478,464060284162,539,11.666574
1479,464209789602,539,11.666714
1480,464292103790,539,11.666791
1481,464609147028,539,11.667088
1482,464698723503,539,11.667171
1483,465014203762,539,11.667466
1484,465022944660,539,11.667474
1485,465779640729,539,11.668181
1486,465952101388,539,11.668341
1487,466182859896,539,11.668556
1488,466505009464,539,11.668856
1489,466761411994,539,11.669095
1490,466997183054,539,11.669314
1491,467516105898,539,11.669797
1492,467888914366,539,11.670143
1493,468283696832,539,11.670509
1494,468395974908,539,11.670613
1495,468846049820,539,11.671030
1496,468988189945,539,11.671162
1497,469399326109,539,11.671542
1498,469555011154,539,11.671686
1499,469973792398,539,11.672074
1500,470651620218,539,11.672700
1501,470700470797,539,11.672745
1502,470718034707,539,11.672761
1503,470944850270,539,11.672970
1504,471412292880,539,11.673401
1505,471731752463,539,11.673695
1506,472216360376,539,11.674141
1507,472729725776,539,11.674613
1508,473004315910,539,11.674865
1509,473784467142,539,11.675581
1510,473927104397,539,11.675712
1511,473963740085,539,11.675745
1512,474422421626,539,11.676165
1513,474448710754,539,11.676189
1514,474748975610,539,11.676464
1515,475396990394,539,11.677056
1516,475543291374,539,11.677190
1517,476401075575,539,11.677973
1518,476806185541,539,11.678342
1519,477648022040,539,11.679108
1520,478410669612,539,11.679801
1521,478435866784,539,11.679824
1522,478772487598,539,11.680129
1523,478869817597,539,11.680217
1524,478992567731,539,11.680329
1525,479232376990,539,11.680546
1526,479236404005,539,11.680550
1527,479244776343,539,11.680557
1528,479399567549,539,11.680698
1529,480276216594,540,11.681491
1530,480322090117,540,11.681533
1531,480422410157,540,11.681623
1532,480687486888,540,11.681863
1533,481088292735,540,11.682225
1534,481093908934,540,11.682230
1535,481464457877,540,11.682564
1536,481603578094,540,11.682690
1537,481674119649,540,11.682753
1538,482429534630,540,11.683434
1539,482669090393,540,11.683649
1540,483465533070,540,11.684366
1541,483597786043,540,11.684484
1542,484107102849,540,11.684941
1543,484200842523,540,11.685026
1544,485179848998,540,11.685903
1545,485477461019,540,11.686169
1546,485535275131,540,11.686221
1547,485663889781,540,11.686336
1548,485855544204,540,11.686507
1549,486307633758,540,11.686911
1550,486370735317,540,11.686967
1551,486997605302,540,11.687527
1552,487001255597,540,11.687530
1553,487040088614,540,11.687565
1554,487086582047,540,11.687606
1555,487588434667,540,11.688053
1556,487752359135,540,11.688199
1557,488482900993,540,11.688849
1558,488613558910,540,11.688966
1559,488721890849,540,11.689062
1560,488979100946,540,11.689290
1561,490460975121,540,11.690604
1562,490559474920,540,11.690692
1563,491047461643,540,11.691123
1564,491084992980,540,11.691157
1565,492024384091,540,11.691987
1566,492098393084,540,11.692052
1567,492210266322,540,11.692151
1568,492595995075,540,11.692491
1569,492619310960,540,11.692511
1570,493350973741,540,11.693156
1571,493657839249,540,11.693426
1572,494315922561,540,11.694005
1573,494379182361,540,11.694060
1574,494421757646,540,11.694098
1575,494758698125,540,11.694393
1576,495003259887,540,11.694608
1577,495174056274,540,11.694758
1578,495304667138,540,11.694872
1579,495650682126,540,11.695176
1580,495690411478,540,11.695211
1581,495813818107,540,11.695319
1582,496028829180,540,11.695507
1583,496172718544,540,11.695633
1584,496395000446,540,11.695827
1585,496408198018,540,11.695839
1586,496489880817,540,11.695910
1587,497007313001,540,11.696363
1588,497101217329,540,11.696445
1589,497132513121,540,11.696472
1590,498080342139,540,11.697299
1591,498316456045,540,11.697505
1592,498785279242,540,11.697914
1593,498949423059,540,11.698057
1594,499995961220,540,11.698966
1595,500017278475,540,11.698985
1596,500192802715,540,11.699137
1597,500311987088,540,11.699241
1598,500576303993,540,11.699470
1599,500993108892,540,11.699832
1600,501273494434,540,11.700075
1601,501551872258,540,11.700316
1602,502793212907,540,11.701389
1603,503672756059,540,11.702148
1604,504066487732,540,11.702488
1605,504107284757,540,11.702523
1606,504157715842,540,11.702566
1607,504662543157,541,11.703001
1608,504705905886,541,11.703038
1609,505421610954,541,11.703654
1610,505922539907,541,11.704084
1611,506289913364,541,11.704399
1612,506352563661,541,11.704453
1613,507305520026,541,11.705270
1614,509106606662,541,11.706809
1615,509375660462,541,11.707038
1616,509497357461,541,11.707142
1617,509895956242,541,11.707482
1618,510631092847,541,11.708107
1619,510761789773,541,11.708218
1620,511509988672,541,11.708854
1621,511705691328,541,11.709020
1622,511919456975,541,11.709202
1623,512036474798,541,11.709301
1624,512138319193,541,11.709387
1625,513177126907,541,11.710267
1626,513404097033,541,11.710459
1627,513547400530,541,11.710581
1628,513678970754,541,11.710692
1629,514620151620,541,11.711487
1630,515111996176,541,11.711902
1631,515244492682,541,11.712013
1632,515693173246,541,11.712391
1633,515721333566,541,11.712415
1634,515933726227,541,11.712594
1635,516395082576,541,11.712982
1636,516758999666,541,11.713288
1637,517063371574,541,11.713544
1638,517148210196,541,11.713615
1639,517992647033,541,11.714324
1640,518101499322,541,11.714415
1641,518226758074,541,11.714520
1642,519072157018,541,11.715228
1643,519482267632,541,11.715571
1644,519574178275,541,11.715648
1645,519586530712,541,11.715658
1646,521175316349,541,11.716984
1647,521258200081,541,11.717053
1648,521604328069,541,11.717341
1649,522135920784,541,11.717784
1650,522804889270,541,11.718340
1651,522984318317,541,11.718489
1652,523090940938,541,11.718577
1653,524078543690,541,11.719396
1654,524212443608,541,11.719507
1655,524748713840,541,11.719951
1656,525221996490,541,11.720343
1657,526766231646,541,11.721618
1658,527127741790,541,11.721916
1659,527228811237,541,11.721999
1660,527748709976,541,11.722427
1661,527914214073,541,11.722563
1662,528371414856,541,11.722939
1663,528417149067,541,11.722977
1664,528722922942,541,11.723228
1665,528854148275,541,11.723336
1666,529953419999,541,11.724238
1667,530106690033,541,11.724363
1668,530434957257,542,11.724632
1669,531186334345,542,11.725247
1670,531865189413,542,11.725802
1671,531934122872,542,11.725858
1672,532152489499,542,11.726036
1673,533316053100,542,11.726985
1674,533995048721,542,11.727537
1675,534660908942,542,11.728078
1676,534790056633,542,11.728183
1677,534835190555,542,11.728220
1678,535121806107,542,11.728453
1679,535228020833,542,11.728539
1680,535401375252,542,11.728679
1681,535462818128,542,11.728729
1682,535838501532,542,11.729034
1683,535871163183,542,11.729060
1684,536066279485,542,11.729218
1685,536963106177,542,11.729944
1686,536977021876,542,11.729956
1687,537114969013,542,11.730067
1688,537819996358,542,11.730637
1689,537839505387,542,11.730653
1690,538701693816,542,11.731348
1691,538889097803,542,11.731499
1692,539784175170,542,11.732220
1693,539927927117,542,11.732336
1694,539936215107,542,11.732342
1695,540044217711,542,11.732429
1696,540332879825,542,11.732661
1697,540359660604,542,11.732683
1698,540918774445,542,11.733132
1699,541871281938,542,11.733896
1700,542235898211,542,11.734188
1701,542735345262,542,11.734588
1702,543125409304,542,11.734900
1703,543197155960,542,11.734957
1704,543882800296,542,11.735505
1705,543892969247,542,11.735513
1706,544054811572,542,11.735643
1707,544837849975,542,11.736267
1708,544900691055,542,11.736317
1709,544947738933,542,11.736355
1710,545000751248,542,11.736397
1711,545197316003,542,11.736554
1712,546439798397,542,11.737542
1713,546655412248,542,11.737714
1714,546746461642,542,11.737786
1715,547226770340,542,11.738167
1716,547599564246,542,11.738463
1717,547621672554,542,11.738481
1718,547949748673,542,11.738741
1719,548824510477,542,11.739433
1720,548864356339,542,11.739465
1721,550255863380,542,11.740565
1722,550354512960,542,11.740643
1723,550643273587,542,11.740870
1724,550806888806,542,11.740999
1725,550865036598,542,11.741045
1726,550869806779,542,11.741049
1727,550910755203,542,11.741081
1728,551274032906,542,11.741368
1729,551757371522,542,11.741748
1730,552510450314,542,11.742340
1731,553253775420,542,11.742924
1732,553357654028,542,11.743006
1733,553650598182,542,11.743236
1734,553802727379,542,11.743355
1735,553930224440,542,11.743455
1736,554028499878,542,11.743532
1737,554310542545,542,11.743753
1738,555346526513,542,11.744564
1739,555357736812,542,11.744573
1740,555691216536,542,11.744834
1741,555885776602,542,11.744986
1742,556040830484,542,11.745107
1743,556456359013,542,11.745431
1744,556913527351,542,11.745788
1745,557936209622,543,11.746585
1746,558025855866,543,11.746654
1747,558728793309,543,11.747201
1748,558987249407,543,11.747402
1749,559149251915,543,11.747528
1750,559851778752,543,11.748073
1751,559905267934,543,11.748115
1752,560221348046,543,11.748360
1753,560351357230,543,11.748460
1754,560537027587,543,11.748604
1755,560670447699,543,11.748708
1756,560780500456,543,11.748793
1757,561108509319,543,11.749047
1758,561489158432,543,11.749341
1759,562010612270,543,11.749745
1760,563348566793,543,11.750777
1761,564065178312,543,11.751329
1762,565911353539,543,11.752748
1763,566283915326,543,11.753034
1764,566510522985,543,11.753208
1765,566922179023,543,11.753523
1766,567871730301,543,11.754250
1767,568063881412,543,11.754397
1768,568252732396,543,11.754542
1769,568689801857,543,11.754875
1770,568814505015,543,11.754971
1771,569244478156,543,11.755299
1772,571595988277,543,11.757089
1773,571763583236,543,11.757216
1774,572722170517,543,11.757944
1775,572815607222,543,11.758015
1776,573370697281,543,11.758435
1777,573644035567,543,11.758642
1778,574213414260,543,11.759073
1779,574544258902,543,11.759323
1780,574642871909,543,11.759398
1781,575173417143,543,11.759799
1782,575417255561,543,11.759983
1783,575552905228,543,11.760085
1784,575737807731,543,11.760225
1785,576114068622,543,11.760508
1786,576373316431,543,11.760704
1787,576402140275,543,11.760726
1788,576762170167,543,11.760997
1789,576827022065,543,11.761046
1790,577015790846,543,11.761188
1791,577416216967,543,11.761489
1792,577510511179,543,11.761560
1793,577696712954,543,11.761700
1794,577955677175,543,11.761895
1795,578210555194,543,11.762086
1796,578506868973,543,11.762309
1797,578890949011,543,11.762597
1798,579361596282,543,11.762950
1799,579423343329,543,11.762996
1800,579625632555,543,11.763148
1801,580185042736,543,11.763567
1802,580289404023,543,11.763645
1803,580441944052,543,11.763759
1804,580605466583,543,11.763881
1805,580920768818,543,11.764117
1806,581415744508,543,11.764487
1807,581488136845,543,11.764541
1808,581661880716,543,11.764671
1809,581885050751,543,11.764837
1810,581962531406,543,11.764895
1811,582543132388,543,11.765328
1812,582550689111,543,11.765334
1813,582989153013,543,11.765660
1814,583244184243,543,11.765850
1815,584034030565,543,11.766438
1816,584295447232,543,11.766633
1817,584342493997,543,11.766667
1818,584947709831,543,11.767117
1819,585206710326,543,11.767309
1820,585643572388,543,11.767633
1821,586133684276,543,11.767997
1822,586566468736,544,11.768317
1823,586619945770,544,11.768357
1824,586714553234,544,11.768427
1825,586917662619,544,11.768577
1826,587144947511,544,11.768745
1827,587248410687,544,11.768822
1828,587301225323,544,11.768861
1829,587629400151,544,11.769104
1830,588205547202,544,11.769529
1831,588209069729,544,11.769532
1832,588434721821,544,11.769698
1833,589469172348,544,11.770461
1834,589754837267,544,11.770672
1835,591379432076,544,11.771866
1836,591460596480,544,11.771926
1837,593015880099,544,11.773066
1838,594606919557,544,11.774230
1839,594923792952,544,11.774461
1840,594968850765,544,11.774494
1841,595206990779,544,11.774668
1842,595284704599,544,11.774725
1843,595366580639,544,11.774784
1844,595960131704,544,11.775217
1845,595965500405,544,11.775221
1846,596151180222,544,11.775356
1847,597080487837,544,11.776033
1848,597291142359,544,11.776186
1849,597301143361,544,11.776193
1850,597946598254,544,11.776662
1851,598194767448,544,11.776843
1852,598396585456,544,11.776989
1853,598418086993,544,11.777005
1854,599609405829,544,11.777868
1855,600184851630,544,11.778285
1856,600783610005,544,11.778718
1857,602267322123,544,11.779789
1858,602447204863,544,11.779919
1859,602472334310,544,11.779937
1860,603114409695,544,11.780400
1861,603234421505,544,11.780486
1862,604315993220,544,11.781264
1863,605107574554,544,11.781833
1864,605157343252,544,11.781868
1865,605720016676,544,11.782272
1866,606469829401,544,11.782809
1867,607647488422,544,11.783652
1868,608152433874,544,11.784012
1869,608707597889,544,11.784409
1870,609060274417,544,11.784660
1871,610059403014,544,11.785372
1872,610238338911,544,11.785499
1873,610596484138,544,11.785754
1874,610604909845,544,11.785760
1875,610812841267,544,11.785908
1876,610818486699,544,11.785912
1877,610920464490,544,11.785985
1878,611263741619,544,11.786229
1879,611791799804,544,11.786604
1880,611875145609,544,11.786663
1881,611914784561,544,11.786691
1882,612590260180,544,11.787170
1883,612633445178,544,11.787201
1884,613358260696,544,11.787714
1885,613607449445,544,11.787891
1886,613914064582,544,11.788108
1887,614002529588,544,11.788170
1888,614002690481,544,11.788170
1889,614436871761,544,11.788477
1890,614691073794,544,11.788657
1891,614740835886,544,11.788692
1892,615078943902,544,11.788931
1893,615162704246,544,11.788990
1894,615317651586,544,11.789099
1895,615498458679,544,11.789227
1896,616887915316,545,11.790206
1897,616978800780,545,11.790270
1898,617398405634,545,11.790566
1899,617565377981,545,11.790683
1900,617975975945,545,11.790972
1901,618447375408,545,11.791303
1902,618545952914,545,11.791372
1903,618966872706,545,11.791667
1904,619095386027,545,11.791758
1905,619475391167,545,11.792024
1906,619617750128,545,11.792124
1907,619816600023,545,11.792263
1908,620696758240,545,11.792879
1909,621115283034,545,11.793172
1910,621219865564,545,11.793245
1911,622507566457,545,11.794145
1912,622659790421,545,11.794251
1913,623090975408,545,11.794551
1914,623149990566,545,11.794593
1915,623948907082,545,11.795149
1916,624048015830,545,11.795218
1917,624694537646,545,11.795668
1918,624719077219,545,11.795685
1919,624798722565,545,11.795740
1920,624807590485,545,11.795746
1921,626438763037,545,11.796879
1922,626669571693,545,11.797039
1923,626908160136,545,11.797204
1924,627479530185,545,11.797600
1925,627769379096,545,11.797800
1926,628135894116,545,11.798054
1927,628477295328,545,11.798290
1928,629458071525,545,11.798967
1929,629635554247,545,11.799089
1930,630176792930,545,11.799462
1931,630815628665,545,11.799902
1932,631596268213,545,11.800440
1933,631635847452,545,11.800467
1934,632045243521,545,11.800748
1935,632739242108,545,11.801225
1936,633123781322,545,11.801489
1937,633286784592,545,11.801600
1938,633657186720,545,11.801854
1939,634259046394,545,11.802267
1940,634862349991,545,11.802680
1941,635549124504,545,11.803149
1942,636214716310,545,11.803604
1943,636572346462,545,11.803848
1944,636701386716,545,11.803936
1945,636876583812,545,11.804055
1946,637045206074,545,11.804170
1947,637171060755,545,11.804256
1948,637627198883,545,11.804567
1949,637935422052,545,11.804777
1950,638718965706,545,11.805310
1951,639452790535,545,11.805808
1952,639617657232,545,11.805920
1953,639648898572,545,11.805942
1954,639675497244,545,11.805960
1955,639844746616,545,11.806075
1956,640707879440,545,11.806660
1957,640975425238,545,11.806841
1958,641220160638,545,11.807007
1959,641279309744,545,11.807047
1960,641749524236,545,11.807366
1961,642105798933,545,11.807607
1962,642270319378,545,11.807718
1963,642412732728,545,11.807814
1964,642918654060,545,11.808156
1965,643812349719,545,11.808759
1966,644957492057,545,11.809531
1967,644983733934,545,11.809549
1968,646359926285,545,11.810474
1969,647362365698,545,11.811147
1970,648702101719,546,11.812045
1971,649364210544,546,11.812488
1972,649576660380,546,11.812630
1973,649834947690,546,11.812803
1974,649960276265,546,11.812887
1975,650862350368,546,11.813489
1976,650872283908,546,11.813496
1977,651030149317,546,11.813601
1978,651316255838,546,11.813792
1979,651420729296,546,11.813862
1980,651913260441,546,11.814190
1981,652811321382,546,11.814788
1982,653079544855,546,11.814966
1983,653086378652,546,11.814971
1984,653103783945,546,11.814982
1985,653408156992,546,11.815185
1986,653412562422,546,11.815187
1987,653886866859,546,11.815503
1988,654959149370,546,11.816214
1989,655045625850,546,11.816272
1990,655522995017,546,11.816588
1991,656977811082,546,11.817551
1992,657238672434,546,11.817723
1993,657539390410,546,11.817922
1994,658647592152,546,11.818653
1995,659564081328,546,11.819257
1996,659606963967,546,11.819285
1997,659788856198,546,11.819405
1998,660070448025,546,11.819590
1999,660228332024,546,11.819694
2000,660809466507,546,11.820076
2001,662220639016,546,11.821003
2002,662666746916,546,11.821295
2003,662878555679,546,11.821434
2004,664099387669,546,11.822233
2005,664423767919,546,11.822445
2006,664725559351,546,11.822642
2007,666225352766,546,11.823621
2008,666852640466,546,11.824030
2009,666903350185,546,11.824063
2010,667137724286,546,11.824215
2011,667237761002,546,11.824281
2012,667890323477,546,11.824705
2013,667944525640,546,11.824740
2014,668000568861,546,11.824777
2015,668100971168,546,11.824842
2016,668568455625,546,11.825146
2017,668872927329,546,11.825344
2018,668982279551,546,11.825415
2019,669217502948,546,11.825567
2020,670039981603,546,11.826101
2021,670843074631,546,11.826621
2022,671141446553,546,11.826814
2023,671173694764,546,11.826835
2024,671207386766,546,11.826857
2025,671252585897,546,11.826886
2026,671510768449,546,11.827053
2027,671595475599,546,11.827108
2028,673160233864,546,11.828118
2029,673402473836,546,11.828275
2030,673532018604,546,11.828358
2031,673862936433,546,11.828572
2032,674617327231,546,11.829057
2033,675133245457,546,11.829389
2034,675201193046,546,11.829433
2035,675764011941,546,11.829795
2036,675865087415,546,11.829860
2037,676086520156,546,11.830002
2038,676308983701,546,11.830145
2039,676593967528,546,11.830328
2040,676782960305,546,11.830449
2041,677635742119,546,11.830996
2042,677986504714,546,11.831221
2043,678207014817,546,11.831362
2044,678732838061,546,11.831699
2045,679330034411,546,11.832081
2046,679687730459,546,11.832309
2047,679694920131,546,11.832314
2048,679911774741,546,11.832453
2049,679933445480,546,11.832466
2050,680181239311,546,11.832625
2051,680350423264,546,11.832733
2052,680372560833,546,11.832747
2053,680454125080,546,11.832799
2054,680891377406,546,11.833078
2055,681140613479,547,11.833237
2056,681199396941,547,11.833274
2057,681970438225,547,11.833766
2058,682098037567,547,11.833847
2059,682164181507,547,11.833889
2060,682751387737,547,11.834263
2061,682999121694,547,11.834420
2062,683129155387,547,11.834503
2063,683254436317,547,11.834582
2064,683377081326,547,11.834660
2065,683524004862,547,11.834754
2066,683672763190,547,11.834848
2067,685133554494,547,11.835775
2068,685162783730,547,11.835794
2069,685285342412,547,11.835871
2070,685865774728,547,11.836239
2071,685949488851,547,11.836292
2072,686256166876,547,11.836486
2073,686953436830,547,11.836927
2074,687177445796,547,11.837069
2075,687430547220,547,11.837229
2076,687767371831,547,11.837442
2077,688081093673,547,11.837640
2078,689307526282,547,11.838413
2079,689488666170,547,11.838527
2080,690774660664,547,11.839336
2081,690814009688,547,11.839361
2082,691101403813,547,11.839542
2083,692088248689,547,11.840161
2084,692467628925,547,11.840399
2085,693016804057,547,11.840744
2086,693262957510,547,11.840898
2087,693473803456,547,11.841030
2088,693666283700,547,11.841151
2089,694127530697,547,11.841439
2090,694342269804,547,11.841574
2091,694530648433,547,11.841691
2092,695728998378,547,11.842440
2093,695917772851,547,11.842558
2094,696237153914,547,11.842757
2095,696693940310,547,11.843042
2096,696717680651,547,11.843057
2097,697164735005,547,11.843335
2098,697356089165,547,11.843455
2099,697677861431,547,11.843655
2100,698088778143,547,11.843911
2101,698157540014,547,11.843953
2102,698684817396,547,11.844281
2103,698698592416,547,11.844290
2104,699252161175,547,11.844634
2105,699327998213,547,11.844681
2106,699569228402,547,11.844831
2107,699908000420,547,11.845041
2108,700076831452,547,11.845146
2109,700158869513,547,11.845197
2110,700359909271,547,11.845321
2111,700505095906,547,11.845411
2112,701141191652,547,11.845805
2113,701701087420,547,11.846152
2114,701877091345,547,11.846261
2115,702650694766,547,11.846739
2116,703228249306,547,11.847096
2117,703463192803,547,11.847241
2118,704705526865,547,11.848008
2119,705195668203,547,11.848310
2120,705616959993,547,11.848569
2121,706068113844,547,11.848847
2122,706388596866,547,11.849044
2123,707129794435,547,11.849499
2124,707252356205,547,11.849574
2125,707638252194,547,11.849811
2126,707922179201,547,11.849986
2127,707938032333,547,11.849995
2128,708009905876,547,11.850039
2129,708964219759,547,11.850624
2130,709457077478,547,11.850926
2131,709928405044,547,11.851215
2132,710114260838,547,11.851328
2133,710544217258,547,11.851591
2134,710573189625,547,11.851609
2135,710585251690,547,11.851616
2136,710724465173,547,11.851701
2137,710795159945,547,11.851744
2138,711369955779,547,11.852096
2139,711379654286,547,11.852101
2140,711624653979,547,11.852251
2141,712455607620,547,11.852758
2142,712614241120,547,11.852854
2143,713350375225,547,11.853303
2144,713537922606,547,11.853417
2145,713884314124,547,11.853628
2146,714172715954,547,11.853803
2147,714422691780,547,11.853955
2148,715424687229,547,11.854564
2149,716639417505,548,11.855301
2150,716728522912,548,11.855355
2151,716738681539,548,11.855361
2152,717390511329,548,11.855756
2153,717633392283,548,11.855903
2154,718389904238,548,11.856360
2155,718830189310,548,11.856626
2156,719059780219,548,11.856765
2157,719433283553,548,11.856991
2158,719821351938,548,11.857225
2159,720576292020,548,11.857680
2160,721509762748,548,11.858242
2161,721631268506,548,11.858315
2162,723547607527,548,11.859467
2163,724262569925,548,11.859896
2164,724560069108,548,11.860074
2165,725946995582,548,11.860905
2166,726121968516,548,11.861010
2167,726473910133,548,11.861220
2168,726625403843,548,11.861311
2169,727064458836,548,11.861573
2170,727272031560,548,11.861697
2171,727311580960,548,11.861721
2172,727880261891,548,11.862060
2173,728175229837,548,11.862236
2174,728387682279,548,11.862363
2175,728497582013,548,11.862428
2176,729058763243,548,11.862763
2177,730264775011,548,11.863480
2178,731343698339,548,11.864122
2179,731428984345,548,11.864172
2180,731743560793,548,11.864359
2181,731919301812,548,11.864463
2182,732233381803,548,11.864650
2183,732874365036,548,11.865030
2184,733435973089,548,11.865362
2185,733646963174,548,11.865487
2186,733890482491,548,11.865631
2187,733981461195,548,11.865685
2188,734050133937,548,11.865726
2189,735060908628,548,11.866323
2190,736059870491,548,11.866913
2191,736072749461,548,11.866921
2192,736576604106,548,11.867218
2193,737176569692,548,11.867572
2194,737289544289,548,11.867638
2195,737604995902,548,11.867824
2196,738146461574,548,11.868143
2197,738306086856,548,11.868236
2198,738568143889,548,11.868391
2199,739223721460,548,11.868776
2200,739479810193,548,11.868926
2201,739722997547,548,11.869069
2202,739768652927,548,11.869096
2203,740043665084,548,11.869257
2204,740071409837,548,11.869274
2205,740080011288,548,11.869279
2206,740840801666,548,11.869725
2207,741042392408,548,11.869843
2208,741115216485,548,11.869886
2209,742225655444,548,11.870536
2210,742878452033,548,11.870918
2211,742916298874,548,11.870940
2212,743298103424,548,11.871163
2213,743531919197,548,11.871300
2214,744426937639,548,11.871822
2215,744750651639,548,11.872011
2216,744853874438,548,11.872071
2217,745096655029,548,11.872213
2218,745181189597,548,11.872262
2219,745800712012,548,11.872623
2220,745861886739,548,11.872658
2221,745877625673,548,11.872668
2222,746958856582,548,11.873297
2223,746966121781,548,11.873301
2224,747505992243,548,11.873615
2225,747876992166,548,11.873830
2226,748879446599,548,11.874412
2227,749035350720,548,11.874502
2228,749157891327,548,11.874573
2229,749160973332,548,11.874575
2230,749635830658,548,11.874850
2231,750186690984,548,11.875169
2232,750756052844,548,11.875499
2233,752130077924,548,11.876293
2234,752428083390,548,11.876465
2235,752763246846,548,11.876658
2236,752890530080,549,11.876732
2237,753667326245,549,11.877180
2238,753916050848,549,11.877323
2239,754173280772,549,11.877471
2240,754316181116,549,11.877553
2241,754409091816,549,11.877607
2242,755365644014,549,11.878157
2243,755673047411,549,11.878334
2244,756478982352,549,11.878797
2245,757051469312,549,11.879125
2246,757289903195,549,11.879262
2247,757601887961,549,11.879441
2248,758308888032,549,11.879846
2249,758395069749,549,11.879896
2250,758524005103,549,11.879969
2251,758639694866,549,11.880036
2252,758789517959,549,11.880121
2253,758947330869,549,11.880212
2254,758982591487,549,11.880232
2255,759604060177,549,11.880587
2256,760118333876,549,11.880881
2257,760126747430,549,11.880886
2258,760816484672,549,11.881280
2259,760911902024,549,11.881334
2260,761301659144,549,11.881557
2261,761501672249,549,11.881671
2262,761970408863,549,11.881938
2263,762882800186,549,11.882458
2264,763377008660,549,11.882739
2265,763812574895,549,11.882987
2266,764390603050,549,11.883315
2267,764623199326,549,11.883447
2268,764639153757,549,11.883457
2269,765225884292,549,11.883790
2270,765231348195,549,11.883793
2271,765436880560,549,11.883909
2272,765558401363,549,11.883978
2273,765631360326,549,11.884020
2274,765737950192,549,11.884080
2275,765858629918,549,11.884149
2276,766059611588,549,11.884263
2277,766930415216,549,11.884756
2278,767975625282,549,11.885347
2279,768000692821,549,11.885362
2280,768067643299,549,11.885399
2281,768211948044,549,11.885481
2282,769293987049,549,11.886092
2283,769397686946,549,11.886151
2284,770389793189,549,11.886711
2285,770419234343,549,11.886727
2286,770475111565,549,11.886759
2287,770955940045,549,11.887030
2288,771369861282,549,11.887263
2289,771616167176,549,11.887401
2290,771921490001,549,11.887573
2291,772653923672,549,11.887985
2292,773769719300,549,11.888612
2293,774748179810,549,11.889161
2294,775039343266,549,11.889324
2295,775153836645,549,11.889388
2296,775246998441,549,11.889440
2297,775938454917,549,11.889827
2298,776018939607,549,11.889872
2299,776160911207,549,11.889952
2300,776238379005,549,11.889995
2301,776742673164,549,11.890277
2302,776778090554,549,11.890297
2303,777659062553,549,11.890789
2304,777713714390,549,11.890820
2305,778141524040,549,11.891059
2306,778391434691,549,11.891198
2307,778451610135,549,11.891232
2308,778501163575,549,11.891259
2309,779015986389,549,11.891546
2310,779231062592,549,11.891666
2311,779262842320,549,11.891684
2312,779632353882,549,11.891890
2313,779814384386,549,11.891991
2314,779840956700,549,11.892006
2315,780179030051,549,11.892194
2316,780562570891,549,11.892408
2317,780938188362,549,11.892617
2318,781514847250,549,11.892937
2319,781675486009,549,11.893026
2320,782200828854,549,11.893318
2321,782381023854,549,11.893418
2322,782693746314,549,11.893592
2323,783247160233,549,11.893899
2324,783325824353,549,11.893942
2325,783622813809,549,11.894107
2326,784018709795,549,11.894326
2327,784105929475,549,11.894375
2328,784464730863,549,11.894573
2329,787895186813,549,11.896468
2330,788196456793,549,11.896634
2331,788963974421,549,11.897057
2332,789203829271,549,11.897189
2333,789208212960,549,11.897192
2334,790262188747,549,11.897771
2335,790654230109,549,11.897987
2336,790904729436,549,11.898124
2337,791520902140,550,11.898462
2338,791914832667,550,11.898678
2339,792004884207,550,11.898728
2340,792084784285,550,11.898772
2341,792388193185,550,11.898938
2342,792836315757,550,11.899184
2343,792941523952,550,11.899241
2344,793091861506,550,11.899323
2345,793127751458,550,11.899343
2346,793589609093,550,11.899596
2347,794207542346,550,11.899934
2348,794514857763,550,11.900102
2349,794787554511,550,11.900251
2350,795398008604,550,11.900584
2351,796158144292,550,11.900999
2352,796172742907,550,11.901007
2353,796803915282,550,11.901351
2354,796944494994,550,11.901428
2355,797263338622,550,11.901602
2356,798350817853,550,11.902194
2357,798533245779,550,11.902293
2358,799194154649,550,11.902652
2359,4797791281515731837961,1000,21.681041
